Comment,Designator,Footprint,LCSC
24.243.1,J8,FP-24_243_1-MFG,
24.243.1,J9,FP-24_243_1-MFG,
1-1337445-0,J7,FP-1-1337445-0-MFG,
1-1337445-0,J6,FP-1-1337445-0-MFG,
24.243.1,J5,FP-24_243_1-MFG,
OPA452TA-1,U1,KVT0007A,
5015,J2,FP-5015-MFG,
Arduino_Due_Shield,A1,Arduino_Due_Shield,
1-1337445-0,J4,FP-1-1337445-0-MFG,
MCP4921-E/P,U2,PDIP300-P8,
MCP4131-103E_P,U3,MCP4131,
CAP 100pF 100V 1206(3216),C3,CAPC1206(3216)100_N,
KTR18EZPJ102,R2,FP-KTR18-IPC_A,
C3216JB1A106M160AA,C1,FP-C3216-160-0_2-IPC_C,
C3216JB1A106M160AA,C8,FP-C3216-160-0_2-IPC_C,
5015,J1,FP-5015-MFG,
C3216JB1A106M160AA,C2,FP-C3216-160-0_2-IPC_C,
CAP 100pF 100V 1206(3216),C4,CAPC1206(3216)100_N,
KTR18EZPJ102,R1,FP-KTR18-IPC_A,
CAP 100pF 100V 1206(3216),C6,CAPC1206(3216)100_N,
CAP 100pF 100V 1206(3216),C5,CAPC1206(3216)100_N,
C3216JB1A106M160AA,C7,FP-C3216-160-0_2-IPC_C,
